id;identite;nom;nombrec;chamb;champdate
1;7568;oui;19750;false;2024-01-08T18:10:13
2;25514;police horrible;4117;true;2024-01-08T17:11:56
3;8655;bien que sous couleur de;9929;false;2024-01-08T12:14:36
4;19037;pin-pon;140;false;2024-01-08T14:10:05
5;23283;afin de;5880;false;2024-01-09T05:36:04
6;13625;afin de personnel émérite;10447;true;2024-01-08T19:56:21
7;25634;vroum à partir de;32420;false;2024-01-08T14:24:09
8;4145;hystérique crac pendant que;10141;true;2024-01-09T10:07:06
9;3444;fonctionnaire spécialiste;13671;true;2024-01-08T15:31:40
10;20021;en face de après que;30729;true;2024-01-08T12:55:16
