id;fexidfile;fexparent;fexdata;fexdata_content_type;fextype;fexname
1;ceb7e30e-6a5a-42a1-85cf-cb4f318c5184;au cas où;../fake-data/blob/hipster.png;image/png;agréable;tant que
2;d93dfd43-d235-47b0-9777-bafc7b06b878;de façon que résister creuser;../fake-data/blob/hipster.png;image/png;afin de guide;jusqu’à ce que vraiment
3;b2f27038-5edb-4832-8c69-de65420be7ad;même si sédentaire;../fake-data/blob/hipster.png;image/png;snif;en sincère
4;2c575b75-7400-4118-8f83-df05ef38d2e7;collègue par rapport à;../fake-data/blob/hipster.png;image/png;placide posséder;sus pourvu que
5;57743939-4edb-4da9-ae02-4d11b5682bff;large;../fake-data/blob/hipster.png;image/png;pin-pon;à l'entour de parmi plouf
6;7f39e7b6-a226-4a02-a8f0-604a28fdd691;ensemble puis;../fake-data/blob/hipster.png;image/png;dès que coïncider électorat;ouin pschitt dès que
7;db64e562-a43e-4459-aa26-6ea7649c5ae7;rectangulaire drelin;../fake-data/blob/hipster.png;image/png;commis de cuisine;drelin quand avare
8;f52cceee-8a84-4ee9-af7b-9e5c5f75f9be;rassembler;../fake-data/blob/hipster.png;image/png;police contre réconcilier;présidence trop peu autour de
9;b5913aec-31d5-400c-b1c3-2f7999bf34a3;nonobstant secouriste;../fake-data/blob/hipster.png;image/png;carrément;quand vide
10;26ea0514-070b-4f3e-aa12-010bd8db6e2b;à cause de;../fake-data/blob/hipster.png;image/png;dans la mesure où membre titulaire guère;toc-toc toc découvrir
